complex,simple
The Johor Bahru-Singapore Rapid Transit System (RTS) Link is progressing well. 45 per cent of the work on the Singapore side has been completed. Transport Minister S. Iswaran provided the update on Friday when he visited the work site. He said: We are on track to achieve the completion goal.,The Johor Bahru-Singapore rapid transit system (). The Johor Bahru-Singapore rapid transit system are RTS. Link is progressing well. 45 per cent of the work on the Singapore side has been completed. Transport Minister S. Iswaran provided the update on Friday. This was when he visited the work site. He said: We are on track to achieve the completion goal.
"Bankman-Fried, 31, entered the plea to the new, 13-count indictment through his lawyer. He had earlier pleaded not guilty to eight counts of fraud and conspiracy. He faces a possible sentence of decades in prison if convicted at a trial set to start on Oct 2.",Bankman-fried entered the plea to the new 13-count indictment through his lawyer. Bankman-fried was 31. He had earlier pleaded not guilty to eight counts of fraud and conspiracy. Then He faces a possible sentence of decades in prison. Suppose He convicted at a trial set to start on Oct 2.
Beijing has been stepping up efforts to woo foreign companies and investors. It has sped up fund licence approvals for foreign asset managers in recent months. Former finance minister: China will encourage foreign capital to participate in its financial markets and may allow foreign-funded financial institutions to go public in the country.,Beijing has been stepping up efforts to woo foreign companies and investors. It has sped up fund licence approvals for foreign asset managers in recent months. Former finance minister: China will encourage foreign capital to participate in its financial markets. And Minister will may allow institutions to go public in the country. Institutions are financial. Institutions are foreign-funded. Institutions are financial.
"Taiwan will have to choose between peace and war, former president Ma Ying-jeou says. Mr Ma is the first former Taiwanese president to visit China. He was president from 2008 to 2016 as the head of a Kuomintang government. The party favours close ties with China, which claims the island as its own.","Taiwan will have to choose between peace and war, former president Ma Ying-jeou says. Mr Ma is the first former Taiwanese President. The President to visit China. The President is Taiwanese. The President is former. The President is Taiwanese. The President is first. The President is Taiwanese. The President is former. The President is Taiwanese. He was president from 2008 to 2016 as the head of a Kuomintang government. The party favours close ties with China. China which claims the island as its own."
Son Heung-min scored twice as South Korea were held to a 2-2 draw by Colombia. James Rodriguez and Jorge Carrascal scored in the second half to level the scores. Jurgen Klinsmanns first game in charge of South Korea was in Ulsan.,South Korea were held to a 2-2 draw by Colombia. Son Heung-min scored twice. James Rodriguez and Jorge Carrascal scored in the second half. The second half to level the scores. Jurgen Klinsmanns game in charge of South Korea was in Ulsan. Game was first.
Paralympic champion Oscar Pistorius may be released from prison this week. A parole board is to decide whether the 36-year-old should be let out early. Pistorius shot dead Reeva Steenkamp on Valentines Day in 2013. Known worldwide as the Blade Runner because of his carbon-fibre prosthetics.,Paralympic champion Oscar Pistorius may be released from prison this week. A parole board is to decide whether the 36-year-old should be let out early. Pistorius shot dead Reeva Steenkamp on Valentines Day in 2013. Known worldwide as the Blade Runner because of his carbon-fibre prosthetics.
"Ahmad Danial Mohamed Rafaee, 38, had sought a discharge amounting to an acquittal. This would have completely cleared him of the charge without a trial. Ms Teo went missing in 2007, when she was 19. Ahmad was among the few people who had been with her when she went missing.","Ahmad Danial Mohamed Rafaee had sought a discharge amounting to an acquittal. Ahmad Danial Mohamed Rafaee was 38. This would have completely cleared him of the charge without a trial. Ms Teo went missing in 2007. This was when, she was 19. Ahmad was among the few people. The few people who had been with her. This was when she went missing."
"Construction of the Jurong Region Line (JRL) moved up a gear on Friday. The official ground-breaking and launch of the track viaduct in the Tengah area was held. The 24km-long MRT line has 24 stations, with three interchanges. The JRL is expected to significantly improve connectivity in the western part of Singapore.",Construction of the Jurong region line () moved up a gear on Friday. The Jurong region line was Jrl. The official ground-breaking and launch of the track viaduct in the Tengah area was held. The MRT line has 24 stations with three interchanges. The MRT line is 24Km-long. The JRL is expected to significantly improve connectivity in the western part of Singapore.
"Report wrongly said Russian troops had left town of Nova Kahkovka in southern Kherson region. General staff of the armed forces, in a rare retraction, said Russians remained in the town on the east bank of the Dnipro River. It said the initial report had been issued as a result of incorrect use of available data but gave no details.",Report wrongly said troops had left town of Nova Kahkovka in Southern Kherson region. Troops were Russian. Staff of the armed forces in a rare retraction said Russians remained in the town on the East Bank of the Dnipro River. Staff was general. It said the initial report had been issued as a result of incorrect use of available data. But It gave no details.
Arsenal and Sporting Lisbon draw 2-2 in their Europa League last 16 first leg clash in Lisbon. Hidemasa Moritas own goal sends Premier League leaders back to London with honours even. Goncalo Inacio and Paulinhos goals help Sporting recover from William Salibas opener. Jose Mour inhos Roma earn a comfortable 2-0 win at home against Real Sociedad to put one foot into quarter-finals.,Arsenal and Sporting Lisbon draw 2-2 in their Europa League last 16 first leg clash in Lisbon. Hidemasa Moritas sends Premier League leaders back to London with Honours even. Hidemasa Moritas is own goal. Goncalo Inacio and Paulinhos goals help Sporting recover from William Salibas opener. Jose Mour inhos Roma earn a comfortable 2-0 win at home against Real Sociedad to put one foot into quarter-finals.
"Bill Gates says it would be better to focus on how best to use the developments in AI. His interview with Reuters comes after an open letter published on March 29. The letter was co-signed by Mr Elon Musk and more than 1,000 AI experts. It demanded an urgent pause in the development of systems more powerful than Microsoft-backed OpenAIs new GPT-4.","Bill Gates says it would be better to focus on how best to use the developments in AI. His interview with Reuters comes after an open letter published on March 29. The letter was co-signed by Mr Elon Musk and more than 1,000 AI experts. It demanded an urgent pause in the development of systems more powerful than Microsoft-backed OpenAIs new GPT-4."
"ChatGPT caused a global sensation when it was released in 2022 for its ability to generate essays, songs, exams and even news articles from brief prompts. Critics have long fretted that it was unclear where ChatGPT and its competitors got their data or how they processed it. Universities and some education authorities have banned the chatbot.","ChatGPT caused a global sensation when it was released in 2022 for its ability to generate essays, songs, exams and even news articles from brief prompts. Critics have long fretted that it was unclear where ChatGPT and its competitors got their data or how they processed it. Universities and some education authorities have banned the chatbot."
"President Halimah Yacob gave her assent to the Governments spending plans for the coming financial year starting on April 1. She said that Budget 2023 is balanced and fiscally responsible. It provides for the immediate needs of Singaporeans, especially with the rising costs of living, but invests in Singapores future needs.","President Halimah Yacob gave her assent to the Governments spending plans for the coming financial year starting on April 1. She said that budget is balanced and fiscally responsible. Budget was 2023. It provides for the immediate needs of Singaporeans, especially with the rising costs of living. But It, invests in Singapores future needs."
Finance Minister Jeremy Hunt announced a plan that he hopes will speed up Britains stagnating economy. This includes childcare and tax reforms to get more people into work and corporate tax breaks to boost low levels of business investment. Mr Hunt said the worlds sixth-biggest economy was now expected to avoid a recession this year.,Finance Minister Jeremy Hunt announced a plan. A plan that he hopes will speed up Britains stagnating economy. This includes childcare and tax reforms to get more people into work and corporate tax breaks to boost low levels of business investment. Mr Hunt said the worlds sixth-biggest economy was now expected to avoid a recession this year.
"83% of small companies and 92% of medium-sized firms have an environmental, social and governance (ESG) strategy in place or are creating one. But only 37% of these businesses have a clear road map on how to achieve their goals. Financial concerns and unclear reporting standards are common barriers.","83% of small companies 92% of medium-sized firms have an environmental, social and governance (ESG) strategy in place. And% or are creating one. But only 37% of these businesses have a clear road map on how to achieve their goals. Concerns and unclear reporting standards are common barriers. Concerns are financial."
"There are more than 170 trillion or 2 million tonnes worth of tiny plastic particles floating on the surface of the ocean. Many of them got there after 2004, according to a paper published on Wednesdayin the journal Plos One. The report comes just days after negotiators agreed on wording of a landmark United Nationstreaty with the aim ofconserving30 per cent of the Ocean.",There are more than 170 trillion or 2 million tonnes worth of tiny plastic particles floating on the surface of the ocean. Many of them got there after 2004 according to a paper published on Wednesdayin. Wednesdayin was the Journal. The Journal was Plos one. The report comes. This was after just days negotiators agreed on wording of a landmark United Nationstreaty with the aim ofconserving30 per cent of the Ocean.
WHO chief Tedros Adhanom Ghebreyesus says all hypotheses are on the table. The virus was first reported in the Chinese city of Wuhan in December 2019. Data from the early days of the Covid-19 pandemic was briefly uploaded by Chinese scientists to an international database in 2023.,WHO chief Tedros Adhanom Ghebreyesus says all hypotheses are on the table. The virus was first reported in the Chinese city of Wuhan in December 2019. Scientists briefly Uploaded data from the early days of the Covid-19 pandemic to an international Database in 2023. Scientists were Chinese.
Goh Tian Shun threatened to blow up the matter by alerting the media and authorities. The incident happened in August 2021 during a period when only fully vaccinated people were allowed to dine-in at restaurants. Goh was sentenced to two years and two months jail and one stroke of the cane.,Goh Tian Shun threatened to blow up the matter by alerting the media and authorities. The incident happened in August 2021 during a period. A period when only fully Vaccinated people were allowed to Dine-In at restaurants. Goh was sentenced to two years and two months and one stroke of the cane. Two years were jail.
Britains data watchdog said on Tuesday that it has fined TikTok 12.7 million (S$21 million) for breaching data protection laws. TikTok allowed as many as 1.4 million British children under 13 to use its platform in 2020. The data breaches occurred between May 2018 and July 2020.,Britains data watchdog said on Tuesday it has fined Tiktok 12. 7 million) (.. watchdog breaching data protection laws. Tiktok 12. 7 million are s $21 million. TikTok allowed as many as 1.4 million British children under 13 to use its platform in 2020. The data breaches occurred between May 2018 and July 2020.
Former US president Donald Trump posted to YouTube and Facebook on Friday. His return to the platforms gives him access to key vehicles for political fund-raising. Mr Trump powered his improbable 2016 presidential campaign through his use of social media. YouTube banned Mr Trump in 2021 for violating its policy of inciting violence.,Former US president Donald Trump posted to YouTube and Facebook on Friday. His return to the platforms gives him access to key vehicles for political fund-raising. Mr Trump powered his improbable 2016 presidential campaign through his use of social media. YouTube banned Mr Trump in 2021. YouTube violating its policy of inciting violence.
